step,epoch,loss,eval_loss,learning_rate,grad_norm,eval_mse,eval_mae,eval_runtime,eval_samples_per_second,eval_steps_per_second,train_runtime,train_samples_per_second,train_steps_per_second,total_flos,train_loss
10,0.004,6.763301849365234,,1.9984e-05,38.82538604736328,,,,,,,,,,
20,0.008,2.3784717559814452,,1.9960000000000002e-05,34.644832611083984,,,,,,,,,,
30,0.012,2.0460418701171874,,1.9933333333333334e-05,41.630313873291016,,,,,,,,,,
40,0.016,1.9822002410888673,,1.9906666666666667e-05,14.04288101196289,,,,,,,,,,
50,0.02,1.6677705764770507,,1.9880000000000003e-05,71.56217956542969,,,,,,,,,,
60,0.024,1.6252361297607423,,1.9853333333333335e-05,31.526033401489258,,,,,,,,,,
70,0.028,1.8048093795776368,,1.9826666666666668e-05,19.951751708984375,,,,,,,,,,
80,0.032,1.437433624267578,,1.98e-05,15.829893112182617,,,,,,,,,,
90,0.036,1.3114880561828612,,1.9773333333333336e-05,31.893285751342773,,,,,,,,,,
100,0.04,1.0615379333496093,,1.974666666666667e-05,39.79671096801758,,,,,,,,,,
100,0.04,,1.2846553325653076,,,1.2846553325653076,0.7576610445976257,26.3006,380.22,23.764,,,,,
110,0.044,1.2533817291259766,,1.972e-05,18.148836135864258,,,,,,,,,,
120,0.048,1.007873821258545,,1.9693333333333337e-05,142.1968231201172,,,,,,,,,,
130,0.052,1.2795680046081543,,1.9666666666666666e-05,39.37385177612305,,,,,,,,,,
140,0.056,1.4123062133789062,,1.9640000000000002e-05,29.216995239257812,,,,,,,,,,
150,0.06,1.3752144813537597,,1.9613333333333334e-05,36.656002044677734,,,,,,,,,,
160,0.064,0.8094695091247559,,1.9586666666666667e-05,13.951308250427246,,,,,,,,,,
170,0.068,1.0915822029113769,,1.9560000000000002e-05,57.30382537841797,,,,,,,,,,
180,0.072,0.7626711368560791,,1.9533333333333335e-05,14.593266487121582,,,,,,,,,,
190,0.076,1.2535387039184571,,1.950666666666667e-05,38.65953063964844,,,,,,,,,,
200,0.08,1.0986016273498536,,1.948e-05,16.774478912353516,,,,,,,,,,
200,0.08,,0.8846059441566467,,,0.8846059441566467,0.6228322982788086,26.3532,379.46,23.716,,,,,
210,0.084,0.9798636436462402,,1.9453333333333336e-05,49.45313262939453,,,,,,,,,,
220,0.088,0.9952320098876953,,1.9426666666666668e-05,48.27108383178711,,,,,,,,,,
230,0.092,0.8323936462402344,,1.94e-05,39.83009719848633,,,,,,,,,,
240,0.096,1.04915189743042,,1.9373333333333336e-05,33.47995376586914,,,,,,,,,,
250,0.1,0.9744394302368165,,1.934666666666667e-05,35.90568542480469,,,,,,,,,,
260,0.104,0.8174978256225586,,1.932e-05,26.09307098388672,,,,,,,,,,
270,0.108,1.0023353576660157,,1.9293333333333334e-05,43.17874526977539,,,,,,,,,,
280,0.112,0.9796923637390137,,1.926666666666667e-05,33.339134216308594,,,,,,,,,,
290,0.116,0.8053440093994141,,1.9240000000000002e-05,27.063629150390625,,,,,,,,,,
300,0.12,0.7767684936523438,,1.9213333333333335e-05,23.722074508666992,,,,,,,,,,
300,0.12,,0.7917045950889587,,,0.791704535484314,0.48774170875549316,26.3397,379.655,23.728,,,,,
310,0.124,1.1044529914855956,,1.918666666666667e-05,31.549522399902344,,,,,,,,,,
320,0.128,0.9701059341430665,,1.916e-05,21.099288940429688,,,,,,,,,,
330,0.132,0.7171191215515137,,1.9133333333333335e-05,22.704238891601562,,,,,,,,,,
340,0.136,1.0295304298400878,,1.9106666666666668e-05,43.26779556274414,,,,,,,,,,
350,0.14,0.5561527252197266,,1.908e-05,10.418828010559082,,,,,,,,,,
360,0.144,1.0085860252380372,,1.9053333333333336e-05,37.700233459472656,,,,,,,,,,
370,0.148,1.0248735427856446,,1.9029333333333334e-05,41.924659729003906,,,,,,,,,,
380,0.152,0.809244441986084,,1.900266666666667e-05,24.645263671875,,,,,,,,,,
390,0.156,0.6899289608001709,,1.8976000000000003e-05,16.594955444335938,,,,,,,,,,
400,0.16,0.863909912109375,,1.8949333333333335e-05,51.45037078857422,,,,,,,,,,
400,0.16,,0.9498976469039917,,,0.9498976469039917,0.6913619041442871,26.089,383.304,23.956,,,,,
410,0.164,0.9156268119812012,,1.8922666666666668e-05,24.01790428161621,,,,,,,,,,
420,0.168,0.6443036079406739,,1.8896e-05,14.266472816467285,,,,,,,,,,
430,0.172,0.9397854804992676,,1.8869333333333336e-05,39.91455841064453,,,,,,,,,,
440,0.176,1.0332717895507812,,1.884266666666667e-05,41.80373001098633,,,,,,,,,,
450,0.18,0.7893007278442383,,1.8816e-05,30.323225021362305,,,,,,,,,,
460,0.184,0.6206933498382569,,1.8789333333333337e-05,38.006954193115234,,,,,,,,,,
470,0.188,0.9539583206176758,,1.876266666666667e-05,34.98922348022461,,,,,,,,,,
480,0.192,0.8000875473022461,,1.8736e-05,18.524213790893555,,,,,,,,,,
490,0.196,0.8966856956481933,,1.8709333333333334e-05,25.090368270874023,,,,,,,,,,
500,0.2,0.8300699234008789,,1.868266666666667e-05,23.793928146362305,,,,,,,,,,
500,0.2,,0.7986462116241455,,,0.7986462116241455,0.46914100646972656,26.1127,382.956,23.935,,,,,
510,0.204,0.7828384876251221,,1.8656000000000002e-05,22.31093406677246,,,,,,,,,,
520,0.208,0.5754996776580811,,1.8632e-05,29.7552490234375,,,,,,,,,,
530,0.212,1.0667409896850586,,1.8605333333333336e-05,51.08892822265625,,,,,,,,,,
540,0.216,0.8098669052124023,,1.857866666666667e-05,36.21282196044922,,,,,,,,,,
550,0.22,0.7243324756622315,,1.8552e-05,32.747440338134766,,,,,,,,,,
560,0.224,0.8343592643737793,,1.8525333333333334e-05,21.12519073486328,,,,,,,,,,
570,0.228,0.755807638168335,,1.849866666666667e-05,12.793909072875977,,,,,,,,,,
580,0.232,0.9166097640991211,,1.8472000000000002e-05,38.887733459472656,,,,,,,,,,
590,0.236,0.5282168388366699,,1.8445333333333334e-05,36.24954605102539,,,,,,,,,,
600,0.24,0.5173209190368653,,1.841866666666667e-05,29.477354049682617,,,,,,,,,,
600,0.24,,0.7405322194099426,,,0.7405322194099426,0.46871113777160645,26.0794,383.444,23.965,,,,,
610,0.244,0.8897660255432129,,1.8392e-05,29.227907180786133,,,,,,,,,,
620,0.248,0.7225821018218994,,1.8365333333333335e-05,30.813915252685547,,,,,,,,,,
630,0.252,0.9430459976196289,,1.8338666666666668e-05,18.381628036499023,,,,,,,,,,
640,0.256,0.6741230010986328,,1.8312e-05,30.479644775390625,,,,,,,,,,
650,0.26,1.053183650970459,,1.8285333333333336e-05,32.42525100708008,,,,,,,,,,
660,0.264,0.6540162563323975,,1.825866666666667e-05,23.45737075805664,,,,,,,,,,
670,0.268,0.7544885635375976,,1.8232e-05,20.156085968017578,,,,,,,,,,
680,0.272,0.758999252319336,,1.8205333333333333e-05,73.17179107666016,,,,,,,,,,
690,0.276,0.7212642192840576,,1.817866666666667e-05,18.424680709838867,,,,,,,,,,
700,0.28,1.0322420120239257,,1.8152000000000002e-05,31.481525421142578,,,,,,,,,,
700,0.28,,0.6468884944915771,,,0.6468884944915771,0.504255473613739,25.8637,386.642,24.165,,,,,
710,0.284,0.8889447212219238,,1.8125333333333334e-05,8.219545364379883,,,,,,,,,,
720,0.288,0.45235915184020997,,1.809866666666667e-05,15.9281587600708,,,,,,,,,,
730,0.292,0.8104363441467285,,1.8072e-05,39.881649017333984,,,,,,,,,,
740,0.296,0.4472707748413086,,1.8045333333333335e-05,19.69533348083496,,,,,,,,,,
750,0.3,0.4915924549102783,,1.8018666666666667e-05,6.048490047454834,,,,,,,,,,
760,0.304,0.8834558486938476,,1.7992e-05,20.903078079223633,,,,,,,,,,
770,0.308,0.8319164276123047,,1.7965333333333336e-05,19.313711166381836,,,,,,,,,,
780,0.312,0.492598819732666,,1.7938666666666668e-05,30.256816864013672,,,,,,,,,,
790,0.316,0.8971660614013672,,1.7912e-05,36.02714538574219,,,,,,,,,,
800,0.32,0.5350378513336181,,1.7885333333333333e-05,16.280961990356445,,,,,,,,,,
800,0.32,,0.687545895576477,,,0.6875458359718323,0.4242655634880066,26.1229,382.805,23.925,,,,,
810,0.324,0.3472618341445923,,1.785866666666667e-05,18.09949493408203,,,,,,,,,,
820,0.328,0.603704833984375,,1.7832e-05,17.41260528564453,,,,,,,,,,
830,0.332,0.6074474811553955,,1.7805333333333334e-05,36.04037094116211,,,,,,,,,,
840,0.336,0.7166747093200684,,1.777866666666667e-05,79.13145446777344,,,,,,,,,,
850,0.34,0.7488179683685303,,1.7752e-05,25.990568161010742,,,,,,,,,,
860,0.344,0.6850505352020264,,1.7725333333333335e-05,17.44154930114746,,,,,,,,,,
870,0.348,0.6961878299713135,,1.7698666666666667e-05,48.82529067993164,,,,,,,,,,
880,0.352,0.6190282821655273,,1.7672000000000003e-05,43.06535339355469,,,,,,,,,,
890,0.356,0.6174384117126465,,1.7645333333333335e-05,26.76007843017578,,,,,,,,,,
900,0.36,0.7600471019744873,,1.7618666666666668e-05,45.36320877075195,,,,,,,,,,
900,0.36,,0.6234483122825623,,,0.6234483122825623,0.41189315915107727,26.0267,384.221,24.014,,,,,
910,0.364,0.5969642639160156,,1.7592000000000004e-05,82.51554107666016,,,,,,,,,,
920,0.368,0.8117643356323242,,1.7565333333333333e-05,40.2547607421875,,,,,,,,,,
930,0.372,0.6133310317993164,,1.753866666666667e-05,43.73504638671875,,,,,,,,,,
940,0.376,0.59522705078125,,1.7512e-05,40.4310302734375,,,,,,,,,,
950,0.38,0.953485107421875,,1.7485333333333334e-05,50.554359436035156,,,,,,,,,,
960,0.384,0.6039938449859619,,1.745866666666667e-05,53.37950134277344,,,,,,,,,,
970,0.388,0.6012320041656494,,1.7432000000000002e-05,48.54508590698242,,,,,,,,,,
980,0.392,0.4213385105133057,,1.7405333333333334e-05,16.790842056274414,,,,,,,,,,
990,0.396,0.6800525665283204,,1.7378666666666667e-05,36.01808547973633,,,,,,,,,,
1000,0.4,0.7365071296691894,,1.7352000000000003e-05,49.71485900878906,,,,,,,,,,
1000,0.4,,0.6614604592323303,,,0.6614604592323303,0.47142860293388367,26.1007,383.132,23.946,,,,,
1010,0.404,0.7540102958679199,,1.7325333333333335e-05,16.572641372680664,,,,,,,,,,
1020,0.408,1.1785351753234863,,1.7298666666666668e-05,25.202777862548828,,,,,,,,,,
1030,0.412,0.7406894207000733,,1.7272000000000003e-05,26.63296890258789,,,,,,,,,,
1040,0.416,0.41849532127380373,,1.7245333333333332e-05,7.825591087341309,,,,,,,,,,
1050,0.42,0.8700644493103027,,1.7218666666666668e-05,30.391313552856445,,,,,,,,,,
1060,0.424,0.5441131114959716,,1.7192e-05,21.254976272583008,,,,,,,,,,
1070,0.428,0.6990824699401855,,1.7165333333333333e-05,50.8636589050293,,,,,,,,,,
1080,0.432,0.7139808654785156,,1.713866666666667e-05,23.57159996032715,,,,,,,,,,
1090,0.436,1.0025483131408692,,1.7112e-05,20.613004684448242,,,,,,,,,,
1100,0.44,0.951749038696289,,1.7085333333333334e-05,76.7001953125,,,,,,,,,,
1100,0.44,,0.5965824723243713,,,0.5965824723243713,0.43503281474113464,26.0037,384.561,24.035,,,,,
1110,0.444,0.5778433322906494,,1.7058666666666666e-05,23.20111846923828,,,,,,,,,,
1120,0.448,0.5434061050415039,,1.7032000000000002e-05,28.021892547607422,,,,,,,,,,
1130,0.452,0.6858561515808106,,1.7005333333333335e-05,24.34820556640625,,,,,,,,,,
1140,0.456,0.5293283462524414,,1.6978666666666667e-05,16.84746551513672,,,,,,,,,,
1150,0.46,0.6172587394714355,,1.6952000000000003e-05,8.0418062210083,,,,,,,,,,
1160,0.464,0.5585089683532715,,1.6925333333333332e-05,21.748882293701172,,,,,,,,,,
1170,0.468,0.5428906917572022,,1.6898666666666668e-05,32.96006393432617,,,,,,,,,,
1180,0.472,0.8451923370361328,,1.6872e-05,42.864601135253906,,,,,,,,,,
1190,0.476,0.6812459468841553,,1.6845333333333336e-05,18.58199119567871,,,,,,,,,,
1200,0.48,0.6217009544372558,,1.681866666666667e-05,20.357921600341797,,,,,,,,,,
1200,0.48,,0.6723498106002808,,,0.6723498702049255,0.378206342458725,25.9004,386.095,24.131,,,,,
1210,0.484,0.8192056655883789,,1.6792e-05,81.98345947265625,,,,,,,,,,
1220,0.488,0.48070597648620605,,1.6765333333333337e-05,17.511396408081055,,,,,,,,,,
1230,0.492,0.9096193313598633,,1.6738666666666666e-05,12.476663589477539,,,,,,,,,,
1240,0.496,0.36082332134246825,,1.6712000000000002e-05,16.179624557495117,,,,,,,,,,
1250,0.5,0.8573220252990723,,1.6685333333333334e-05,38.147621154785156,,,,,,,,,,
1260,0.504,1.1890125274658203,,1.6658666666666667e-05,37.47467041015625,,,,,,,,,,
1270,0.508,0.8704004287719727,,1.6632000000000003e-05,24.251588821411133,,,,,,,,,,
1280,0.512,0.6138583183288574,,1.6605333333333335e-05,55.823123931884766,,,,,,,,,,
1290,0.516,0.875339126586914,,1.6578666666666668e-05,58.55120849609375,,,,,,,,,,
1300,0.52,0.9171848297119141,,1.6552e-05,60.18568420410156,,,,,,,,,,
1300,0.52,,0.7102632522583008,,,0.7102632522583008,0.4382506310939789,25.876,386.459,24.154,,,,,
1310,0.524,0.9430556297302246,,1.6525333333333336e-05,53.47965621948242,,,,,,,,,,
1320,0.528,0.6476652145385742,,1.649866666666667e-05,43.00465393066406,,,,,,,,,,
1330,0.532,0.6751306056976318,,1.6472e-05,85.58004760742188,,,,,,,,,,
1340,0.536,0.6696735382080078,,1.6445333333333337e-05,17.13256072998047,,,,,,,,,,
1350,0.54,0.7770517349243165,,1.6418666666666666e-05,41.87687683105469,,,,,,,,,,
1360,0.544,0.8764736175537109,,1.6392e-05,24.000295639038086,,,,,,,,,,
1370,0.548,0.47086267471313475,,1.6365333333333334e-05,15.109107971191406,,,,,,,,,,
1380,0.552,0.44057044982910154,,1.6338666666666667e-05,50.63164138793945,,,,,,,,,,
1390,0.556,0.4732340335845947,,1.6312000000000002e-05,63.80309295654297,,,,,,,,,,
1400,0.56,0.5886459827423096,,1.6285333333333335e-05,18.874095916748047,,,,,,,,,,
1400,0.56,,0.6397563815116882,,,0.6397563815116882,0.3378533124923706,26.0829,383.393,23.962,,,,,
1410,0.564,0.6619729042053223,,1.6258666666666667e-05,6.838263988494873,,,,,,,,,,
1420,0.568,0.5960193634033203,,1.6232e-05,18.385696411132812,,,,,,,,,,
1430,0.572,0.7200965881347656,,1.6205333333333336e-05,33.07344055175781,,,,,,,,,,
1440,0.576,0.4375263214111328,,1.6178666666666668e-05,20.01772117614746,,,,,,,,,,
1450,0.58,0.6789865970611573,,1.6152e-05,18.782320022583008,,,,,,,,,,
1460,0.584,0.47595839500427245,,1.6125333333333336e-05,34.88005447387695,,,,,,,,,,
1470,0.588,0.38230702877044676,,1.6098666666666665e-05,20.750408172607422,,,,,,,,,,
1480,0.592,0.5766241073608398,,1.6072e-05,77.00912475585938,,,,,,,,,,
1490,0.596,0.5224130630493165,,1.6045333333333334e-05,13.550753593444824,,,,,,,,,,
1500,0.6,0.5848196506500244,,1.601866666666667e-05,44.545936584472656,,,,,,,,,,
1500,0.6,,0.5494060516357422,,,0.5494060516357422,0.4071321189403534,26.1312,382.685,23.918,,,,,
1510,0.604,1.0231287956237793,,1.5992000000000002e-05,33.429176330566406,,,,,,,,,,
1520,0.608,0.5899294853210449,,1.5965333333333335e-05,10.438004493713379,,,,,,,,,,
1530,0.612,0.6364688873291016,,1.593866666666667e-05,5.955608367919922,,,,,,,,,,
1540,0.616,0.9683819770812988,,1.5912e-05,38.82282257080078,,,,,,,,,,
1550,0.62,0.6280608177185059,,1.5885333333333335e-05,38.68692398071289,,,,,,,,,,
1560,0.624,0.45130200386047364,,1.5858666666666668e-05,67.12345123291016,,,,,,,,,,
1570,0.628,0.6340635776519775,,1.5832e-05,19.961606979370117,,,,,,,,,,
1580,0.632,0.6909616470336915,,1.5805333333333336e-05,76.50061798095703,,,,,,,,,,
1590,0.636,0.5660556793212891,,1.577866666666667e-05,56.09627151489258,,,,,,,,,,
1600,0.64,0.8702462196350098,,1.5752e-05,9.22813892364502,,,,,,,,,,
1600,0.64,,0.5925880074501038,,,0.5925880074501038,0.37944868206977844,26.0517,383.853,23.991,,,,,
1610,0.644,1.2127089500427246,,1.5725333333333333e-05,87.14791107177734,,,,,,,,,,
1620,0.648,0.4950719833374023,,1.569866666666667e-05,18.085607528686523,,,,,,,,,,
1630,0.652,0.6080716609954834,,1.5672000000000002e-05,29.330936431884766,,,,,,,,,,
1640,0.656,1.1402427673339843,,1.5645333333333334e-05,64.88887786865234,,,,,,,,,,
1650,0.66,0.585234546661377,,1.561866666666667e-05,14.062861442565918,,,,,,,,,,
1660,0.664,0.5160420894622803,,1.5592e-05,11.636332511901855,,,,,,,,,,
1670,0.668,0.40976533889770506,,1.5565333333333335e-05,32.549110412597656,,,,,,,,,,
1680,0.672,0.44709439277648927,,1.5538666666666667e-05,17.4390869140625,,,,,,,,,,
1690,0.676,0.45882353782653806,,1.5512e-05,21.809669494628906,,,,,,,,,,
1700,0.68,0.672274112701416,,1.5485333333333336e-05,16.4567813873291,,,,,,,,,,
1700,0.68,,0.5390202403068542,,,0.5390201807022095,0.33132535219192505,25.942,385.476,24.092,,,,,
1710,0.684,0.5254302501678467,,1.5458666666666668e-05,40.343624114990234,,,,,,,,,,
1720,0.688,0.5522667407989502,,1.5432e-05,8.496748924255371,,,,,,,,,,
1730,0.692,0.7390180110931397,,1.5405333333333333e-05,23.211681365966797,,,,,,,,,,
1740,0.696,0.3242539405822754,,1.537866666666667e-05,27.365970611572266,,,,,,,,,,
1750,0.7,0.8754250526428222,,1.5352e-05,24.978984832763672,,,,,,,,,,
1760,0.704,0.5383613586425782,,1.5325333333333334e-05,24.905864715576172,,,,,,,,,,
1770,0.708,0.5872957706451416,,1.529866666666667e-05,18.070558547973633,,,,,,,,,,
1780,0.712,0.4284402370452881,,1.5272e-05,37.956138610839844,,,,,,,,,,
1790,0.716,0.6165821075439453,,1.5245333333333335e-05,34.912010192871094,,,,,,,,,,
1800,0.72,0.3308634996414185,,1.5218666666666669e-05,10.413763999938965,,,,,,,,,,
1800,0.72,,0.5324959754943848,,,0.5324959754943848,0.3357755243778229,26.0419,383.997,24.0,,,,,
1810,0.724,0.6590421676635743,,1.5192000000000003e-05,7.932501792907715,,,,,,,,,,
1820,0.728,0.4597923278808594,,1.5165333333333334e-05,13.590892791748047,,,,,,,,,,
1830,0.732,0.6565275669097901,,1.5138666666666668e-05,37.414215087890625,,,,,,,,,,
1840,0.736,0.3191429853439331,,1.5112000000000002e-05,4.731815338134766,,,,,,,,,,
1850,0.74,0.40796666145324706,,1.5085333333333334e-05,19.447307586669922,,,,,,,,,,
1860,0.744,0.5776545524597168,,1.5058666666666669e-05,48.854583740234375,,,,,,,,,,
1870,0.748,0.6029693126678467,,1.5032000000000003e-05,10.873078346252441,,,,,,,,,,
1880,0.752,0.5150363445281982,,1.5005333333333334e-05,25.54242515563965,,,,,,,,,,
1890,0.756,0.9175601005554199,,1.4978666666666668e-05,14.7885103225708,,,,,,,,,,
1900,0.76,0.4996553897857666,,1.4952000000000002e-05,4.768299579620361,,,,,,,,,,
1900,0.76,,0.6311917901039124,,,0.6311918497085571,0.3651230037212372,26.0651,383.655,23.978,,,,,
1910,0.764,0.7641300201416016,,1.4925333333333334e-05,34.34065246582031,,,,,,,,,,
1920,0.768,0.5965075016021728,,1.4898666666666668e-05,2.7786996364593506,,,,,,,,,,
1930,0.772,0.4536872863769531,,1.4872000000000003e-05,132.34042358398438,,,,,,,,,,
1940,0.776,0.6430299758911133,,1.4845333333333333e-05,42.39862823486328,,,,,,,,,,
1950,0.78,0.6378242492675781,,1.4818666666666668e-05,22.35256004333496,,,,,,,,,,
1960,0.784,0.3655669927597046,,1.4792000000000002e-05,49.09498596191406,,,,,,,,,,
1970,0.788,0.5252527713775634,,1.4765333333333334e-05,14.324799537658691,,,,,,,,,,
1980,0.792,0.9147043228149414,,1.4738666666666668e-05,31.261798858642578,,,,,,,,,,
1990,0.796,0.5610226154327392,,1.4712000000000002e-05,18.02729606628418,,,,,,,,,,
2000,0.8,0.5078432083129882,,1.4685333333333333e-05,7.897114276885986,,,,,,,,,,
2000,0.8,,0.5413652658462524,,,0.5413652658462524,0.3387318253517151,25.9048,386.029,24.127,,,,,
2010,0.804,0.4553415775299072,,1.4658666666666667e-05,39.12506103515625,,,,,,,,,,
2020,0.808,0.3179558515548706,,1.4632000000000002e-05,16.248329162597656,,,,,,,,,,
2030,0.812,0.5242962837219238,,1.4605333333333334e-05,8.100858688354492,,,,,,,,,,
2040,0.816,0.46576404571533203,,1.4578666666666668e-05,2.2518317699432373,,,,,,,,,,
2050,0.82,0.49965248107910154,,1.4552000000000002e-05,49.34357833862305,,,,,,,,,,
2060,0.824,0.41095700263977053,,1.4525333333333333e-05,24.316200256347656,,,,,,,,,,
2070,0.828,0.8468161582946777,,1.4498666666666667e-05,15.905461311340332,,,,,,,,,,
2080,0.832,0.6087742328643799,,1.4472000000000001e-05,29.008216857910156,,,,,,,,,,
2090,0.836,0.7454749584197998,,1.4445333333333334e-05,15.380906105041504,,,,,,,,,,
2100,0.84,0.802532958984375,,1.4418666666666668e-05,19.870634078979492,,,,,,,,,,
2100,0.84,,0.4974563419818878,,,0.4974563419818878,0.36641615629196167,26.0485,383.9,23.994,,,,,
2110,0.844,0.6655039310455322,,1.4392000000000002e-05,12.010233879089355,,,,,,,,,,
2120,0.848,0.5407844066619873,,1.4365333333333336e-05,10.490992546081543,,,,,,,,,,
2130,0.852,0.4564554214477539,,1.4338666666666667e-05,32.83190155029297,,,,,,,,,,
2140,0.856,0.3373256206512451,,1.4312000000000001e-05,21.75533676147461,,,,,,,,,,
2150,0.86,0.43309569358825684,,1.4285333333333335e-05,12.969217300415039,,,,,,,,,,
2160,0.864,0.6926176071166992,,1.4258666666666668e-05,80.70553588867188,,,,,,,,,,
2170,0.868,0.5717697143554688,,1.4232000000000002e-05,23.79801368713379,,,,,,,,,,
2180,0.872,0.6037298679351807,,1.4205333333333336e-05,14.9097900390625,,,,,,,,,,
2190,0.876,0.5692453861236573,,1.4178666666666667e-05,38.9023551940918,,,,,,,,,,
2200,0.88,0.47411718368530276,,1.4152000000000001e-05,15.290242195129395,,,,,,,,,,
2200,0.88,,0.6220784783363342,,,0.622078537940979,0.34162071347236633,26.086,383.347,23.959,,,,,
2210,0.884,0.8628341674804687,,1.4125333333333335e-05,6.6749091148376465,,,,,,,,,,
2220,0.888,0.4220681667327881,,1.4098666666666668e-05,31.383718490600586,,,,,,,,,,
2230,0.892,0.34267826080322267,,1.4072000000000002e-05,9.780638694763184,,,,,,,,,,
2240,0.896,0.8122543334960938,,1.4045333333333336e-05,39.21759033203125,,,,,,,,,,
2250,0.9,0.5833817005157471,,1.4018666666666667e-05,115.57850646972656,,,,,,,,,,
2260,0.904,0.7704793453216553,,1.3992000000000001e-05,27.305450439453125,,,,,,,,,,
2270,0.908,0.5698090076446534,,1.3965333333333335e-05,15.955343246459961,,,,,,,,,,
2280,0.912,0.5191250801086426,,1.3938666666666667e-05,42.76097106933594,,,,,,,,,,
2290,0.916,0.659229326248169,,1.3912000000000002e-05,6.7160468101501465,,,,,,,,,,
2300,0.92,0.5322112560272216,,1.3885333333333336e-05,9.182756423950195,,,,,,,,,,
2300,0.92,,0.5006730556488037,,,0.5006730556488037,0.3137984275817871,26.0923,383.255,23.953,,,,,
2310,0.924,0.5169883728027344,,1.3858666666666667e-05,16.984081268310547,,,,,,,,,,
2320,0.928,0.4083861351013184,,1.3832e-05,93.2601089477539,,,,,,,,,,
2330,0.932,0.44862933158874513,,1.3805333333333335e-05,34.41737365722656,,,,,,,,,,
2340,0.936,0.5516216278076171,,1.3778666666666667e-05,271.04296875,,,,,,,,,,
2350,0.94,0.8320577621459961,,1.3752000000000001e-05,11.918023109436035,,,,,,,,,,
2360,0.944,0.7353891849517822,,1.3725333333333336e-05,89.26738739013672,,,,,,,,,,
2370,0.948,0.3463982820510864,,1.3698666666666666e-05,8.376995086669922,,,,,,,,,,
2380,0.952,0.9154787063598633,,1.3672e-05,9.769251823425293,,,,,,,,,,
2390,0.956,0.6877988815307617,,1.3645333333333335e-05,51.1650390625,,,,,,,,,,
2400,0.96,0.44152369499206545,,1.3618666666666667e-05,105.127685546875,,,,,,,,,,
2400,0.96,,0.4959801733493805,,,0.4959801733493805,0.298220694065094,26.1168,382.895,23.931,,,,,
2410,0.964,0.5794042587280274,,1.3592000000000001e-05,54.213958740234375,,,,,,,,,,
2420,0.968,0.5257267951965332,,1.3565333333333335e-05,7.434796333312988,,,,,,,,,,
2430,0.972,0.5137337684631348,,1.353866666666667e-05,12.189080238342285,,,,,,,,,,
2440,0.976,0.6443346500396728,,1.3512e-05,34.62247848510742,,,,,,,,,,
2450,0.98,0.8662189483642578,,1.3485333333333335e-05,52.849334716796875,,,,,,,,,,
2460,0.984,0.5570598602294922,,1.3458666666666669e-05,21.8709774017334,,,,,,,,,,
2470,0.988,0.6324104309082031,,1.3432000000000001e-05,14.391368865966797,,,,,,,,,,
2480,0.992,0.7810773372650146,,1.3405333333333335e-05,78.21114349365234,,,,,,,,,,
2490,0.996,0.6835186004638671,,1.337866666666667e-05,45.063751220703125,,,,,,,,,,
2500,1.0,0.4592071533203125,,1.3352e-05,9.232769012451172,,,,,,,,,,
2500,1.0,,0.4452539086341858,,,0.4452539086341858,0.2879767119884491,26.1399,382.558,23.91,,,,,
2510,1.004,0.6541839122772217,,1.3325333333333334e-05,8.084579467773438,,,,,,,,,,
2520,1.008,0.5053489685058594,,1.3298666666666669e-05,3.7637500762939453,,,,,,,,,,
2530,1.012,0.14831525087356567,,1.3272000000000001e-05,40.432716369628906,,,,,,,,,,
2540,1.016,0.46219167709350584,,1.3245333333333335e-05,64.38799285888672,,,,,,,,,,
2550,1.02,0.25676736831665037,,1.321866666666667e-05,104.41166687011719,,,,,,,,,,
2560,1.024,0.5426865577697754,,1.3192e-05,14.430496215820312,,,,,,,,,,
2570,1.028,0.31279239654541013,,1.3165333333333334e-05,27.04110336303711,,,,,,,,,,
2580,1.032,0.2805255174636841,,1.3138666666666668e-05,15.431174278259277,,,,,,,,,,
2590,1.036,0.5283511638641357,,1.3112e-05,45.247318267822266,,,,,,,,,,
2600,1.04,0.36476175785064696,,1.3085333333333335e-05,11.349645614624023,,,,,,,,,,
2600,1.04,,0.4531344771385193,,,0.4531344771385193,0.29618051648139954,25.9034,386.05,24.128,,,,,
2610,1.044,0.3266247272491455,,1.3058666666666669e-05,10.284423828125,,,,,,,,,,
2620,1.048,0.5749821186065673,,1.3032e-05,25.8524227142334,,,,,,,,,,
2630,1.052,0.2950000286102295,,1.3005333333333334e-05,46.9509162902832,,,,,,,,,,
2640,1.056,0.26800715923309326,,1.2978666666666668e-05,1.7139195203781128,,,,,,,,,,
2650,1.06,0.4641410827636719,,1.2952e-05,86.2308120727539,,,,,,,,,,
2660,1.064,0.23167288303375244,,1.2925333333333335e-05,16.164226531982422,,,,,,,,,,
2670,1.068,0.3969002962112427,,1.2898666666666669e-05,6.385821342468262,,,,,,,,,,
2680,1.072,0.3024165630340576,,1.2872e-05,42.46870040893555,,,,,,,,,,
2690,1.076,0.2622069358825684,,1.2845333333333334e-05,6.301201343536377,,,,,,,,,,
2700,1.08,0.2570584774017334,,1.2818666666666668e-05,45.90828323364258,,,,,,,,,,
2700,1.08,,0.4866340458393097,,,0.4866340458393097,0.2769724726676941,25.9108,385.939,24.121,,,,,
2710,1.084,0.4261597156524658,,1.2792e-05,39.27888488769531,,,,,,,,,,
2720,1.088,0.1619710087776184,,1.2765333333333335e-05,41.96177673339844,,,,,,,,,,
2730,1.092,0.593525505065918,,1.2738666666666669e-05,55.5768928527832,,,,,,,,,,
2740,1.096,0.4009953498840332,,1.2712000000000001e-05,17.75019645690918,,,,,,,,,,
2750,1.1,0.32526521682739257,,1.2685333333333334e-05,12.746781349182129,,,,,,,,,,
2760,1.104,0.5586876392364502,,1.2658666666666668e-05,33.26518630981445,,,,,,,,,,
2770,1.108,0.2548720598220825,,1.2632000000000002e-05,7.123017311096191,,,,,,,,,,
2780,1.112,0.16912033557891845,,1.2605333333333335e-05,47.045284271240234,,,,,,,,,,
2790,1.116,0.5145481586456299,,1.2578666666666669e-05,5.291104793548584,,,,,,,,,,
2800,1.12,0.5878369331359863,,1.2552000000000001e-05,13.03917407989502,,,,,,,,,,
2800,1.12,,0.4560841917991638,,,0.4560841917991638,0.3074477016925812,26.0565,383.781,23.986,,,,,
2810,1.124,0.46896042823791506,,1.2525333333333334e-05,33.692832946777344,,,,,,,,,,
2820,1.1280000000000001,0.31136255264282225,,1.2498666666666668e-05,4.943212509155273,,,,,,,,,,
2830,1.1320000000000001,0.33286056518554685,,1.2472000000000002e-05,15.875969886779785,,,,,,,,,,
2840,1.1360000000000001,0.48765926361083983,,1.2445333333333334e-05,57.52946090698242,,,,,,,,,,
2850,1.1400000000000001,0.4264786720275879,,1.2418666666666668e-05,41.35843276977539,,,,,,,,,,
2860,1.144,0.573979377746582,,1.2392000000000003e-05,19.163700103759766,,,,,,,,,,
2870,1.148,0.3087371110916138,,1.2365333333333333e-05,5.927637100219727,,,,,,,,,,
2880,1.152,0.3839219570159912,,1.2338666666666668e-05,9.590968132019043,,,,,,,,,,
2890,1.156,0.45941720008850095,,1.2312000000000002e-05,26.51541519165039,,,,,,,,,,
2900,1.16,0.460092830657959,,1.2285333333333334e-05,85.44884490966797,,,,,,,,,,
2900,1.16,,0.5201263427734375,,,0.5201263427734375,0.350130558013916,26.0873,383.328,23.958,,,,,
2910,1.164,0.25656325817108155,,1.2258666666666668e-05,7.578984260559082,,,,,,,,,,
2920,1.168,0.45944557189941404,,1.2232000000000002e-05,27.50979232788086,,,,,,,,,,
2930,1.172,0.4363621711730957,,1.2205333333333333e-05,17.861888885498047,,,,,,,,,,
2940,1.176,0.49453182220458985,,1.2178666666666667e-05,5.958320140838623,,,,,,,,,,
2950,1.18,0.28891170024871826,,1.2152000000000002e-05,80.24979400634766,,,,,,,,,,
2960,1.184,0.34307658672332764,,1.2125333333333334e-05,18.97832489013672,,,,,,,,,,
2970,1.188,0.4317436695098877,,1.2098666666666668e-05,10.557204246520996,,,,,,,,,,
2980,1.192,0.46530799865722655,,1.2072000000000002e-05,3.956557273864746,,,,,,,,,,
2990,1.196,0.36552202701568604,,1.2045333333333333e-05,23.996492385864258,,,,,,,,,,
3000,1.2,0.31366541385650637,,1.2018666666666667e-05,19.674177169799805,,,,,,,,,,
3000,1.2,,0.4644007682800293,,,0.4644007682800293,0.2728557288646698,26.136,382.614,23.913,,,,,
3010,1.204,0.3979626178741455,,1.1992000000000001e-05,30.119213104248047,,,,,,,,,,
3020,1.208,0.29628217220306396,,1.1965333333333334e-05,37.06538772583008,,,,,,,,,,
3030,1.212,0.32856700420379636,,1.1938666666666668e-05,19.775373458862305,,,,,,,,,,
3040,1.216,0.4056236267089844,,1.1912000000000002e-05,3.5033183097839355,,,,,,,,,,
3050,1.22,0.3767523288726807,,1.1885333333333335e-05,42.111717224121094,,,,,,,,,,
3060,1.224,0.23853225708007814,,1.1858666666666667e-05,13.814684867858887,,,,,,,,,,
3070,1.228,0.2706994771957397,,1.1832000000000001e-05,25.224393844604492,,,,,,,,,,
3080,1.232,0.611143159866333,,1.1805333333333335e-05,5.492259502410889,,,,,,,,,,
3090,1.236,0.40230813026428225,,1.1778666666666668e-05,3.294745445251465,,,,,,,,,,
3100,1.24,0.27399253845214844,,1.1752000000000002e-05,5.853209018707275,,,,,,,,,,
3100,1.24,,0.424641489982605,,,0.424641489982605,0.25553619861602783,26.1276,382.737,23.921,,,,,
3110,1.244,0.31637206077575686,,1.1725333333333334e-05,19.84587287902832,,,,,,,,,,
3120,1.248,0.29863643646240234,,1.1698666666666667e-05,6.253633499145508,,,,,,,,,,
3130,1.252,0.16356881856918334,,1.1672000000000001e-05,60.09391784667969,,,,,,,,,,
3140,1.256,0.30615410804748533,,1.1645333333333335e-05,2.0708086490631104,,,,,,,,,,
3150,1.26,0.36459054946899416,,1.1618666666666668e-05,28.79460334777832,,,,,,,,,,
3160,1.264,0.45552620887756345,,1.1592000000000002e-05,73.5055923461914,,,,,,,,,,
3170,1.268,0.44745759963989257,,1.1565333333333334e-05,47.12969207763672,,,,,,,,,,
3180,1.272,0.6211072921752929,,1.1538666666666667e-05,8.630208969116211,,,,,,,,,,
3190,1.276,0.30349164009094237,,1.1512000000000001e-05,47.688289642333984,,,,,,,,,,
3200,1.28,0.4307427406311035,,1.1485333333333335e-05,3.393491506576538,,,,,,,,,,
3200,1.28,,0.4609782099723816,,,0.4609782099723816,0.28543490171432495,26.0521,383.847,23.99,,,,,
3210,1.284,0.3502513408660889,,1.1458666666666668e-05,8.50977611541748,,,,,,,,,,
3220,1.288,0.5555846691131592,,1.1432000000000002e-05,129.56317138671875,,,,,,,,,,
3230,1.292,0.27911159992218015,,1.1405333333333334e-05,45.2949333190918,,,,,,,,,,
3240,1.296,0.24989230632781984,,1.1378666666666667e-05,107.6778793334961,,,,,,,,,,
3250,1.3,0.3254260063171387,,1.1352e-05,56.24774169921875,,,,,,,,,,
3260,1.304,0.40734124183654785,,1.1325333333333335e-05,207.06826782226562,,,,,,,,,,
3270,1.308,0.43500571250915526,,1.1298666666666667e-05,7.2195353507995605,,,,,,,,,,
3280,1.312,0.4015358448028564,,1.1272000000000002e-05,20.31420135498047,,,,,,,,,,
3290,1.316,0.5262741565704345,,1.1245333333333334e-05,39.13106155395508,,,,,,,,,,
3300,1.32,0.5308032989501953,,1.1218666666666666e-05,10.605941772460938,,,,,,,,,,
3300,1.32,,0.44430819153785706,,,0.44430816173553467,0.27662304043769836,26.0929,383.247,23.953,,,,,
3310,1.324,0.28118937015533446,,1.1192e-05,18.076026916503906,,,,,,,,,,
3320,1.328,0.4271851062774658,,1.1165333333333335e-05,5.0268778800964355,,,,,,,,,,
3330,1.332,0.4888434886932373,,1.1138666666666667e-05,7.41064977645874,,,,,,,,,,
3340,1.336,0.3268604755401611,,1.1112000000000001e-05,28.61188316345215,,,,,,,,,,
3350,1.34,0.2955493450164795,,1.1085333333333334e-05,4.858397960662842,,,,,,,,,,
3360,1.3439999999999999,0.32294957637786864,,1.1058666666666668e-05,62.051856994628906,,,,,,,,,,
3370,1.3479999999999999,0.2519940137863159,,1.1032e-05,37.448970794677734,,,,,,,,,,
3380,1.3519999999999999,0.4746601104736328,,1.1005333333333335e-05,4.803780555725098,,,,,,,,,,
3390,1.3559999999999999,0.15688667297363282,,1.0978666666666669e-05,24.851482391357422,,,,,,,,,,
3400,1.3599999999999999,0.46229848861694334,,1.0952000000000001e-05,11.602590560913086,,,,,,,,,,
3400,1.3599999999999999,,0.47313380241394043,,,0.47313380241394043,0.29521968960762024,26.0218,384.293,24.018,,,,,
3410,1.3639999999999999,0.17248406410217285,,1.0925333333333334e-05,36.236328125,,,,,,,,,,
3420,1.3679999999999999,0.1944712996482849,,1.0898666666666668e-05,117.5589370727539,,,,,,,,,,
3430,1.3719999999999999,0.43759860992431643,,1.0872e-05,30.91173553466797,,,,,,,,,,
3440,1.376,0.39842169284820556,,1.0845333333333334e-05,2.951300859451294,,,,,,,,,,
3450,1.38,0.37883164882659914,,1.0818666666666669e-05,2.421261787414551,,,,,,,,,,
3460,1.384,0.3071835994720459,,1.0792000000000001e-05,8.074930191040039,,,,,,,,,,
3470,1.388,0.395747709274292,,1.0765333333333333e-05,29.761075973510742,,,,,,,,,,
3480,1.392,0.28680570125579835,,1.0738666666666668e-05,12.654764175415039,,,,,,,,,,
3490,1.396,0.5551098346710205,,1.0712e-05,16.43680763244629,,,,,,,,,,
3500,1.4,0.27665879726409914,,1.0685333333333334e-05,140.31124877929688,,,,,,,,,,
3500,1.4,,0.4645560681819916,,,0.4645560681819916,0.26202598214149475,26.1191,382.862,23.929,,,,,
3510,1.404,0.13331265449523927,,1.0658666666666668e-05,4.227939128875732,,,,,,,,,,
3520,1.408,0.30942201614379883,,1.0632000000000001e-05,3.508709669113159,,,,,,,,,,
3530,1.412,0.30849878787994384,,1.0605333333333333e-05,7.871403217315674,,,,,,,,,,
3540,1.416,0.19931519031524658,,1.0578666666666667e-05,3.88860821723938,,,,,,,,,,
3550,1.42,0.4514103889465332,,1.0552e-05,6.648889541625977,,,,,,,,,,
3560,1.424,0.20487499237060547,,1.0525333333333334e-05,10.741374969482422,,,,,,,,,,
3570,1.428,0.5269776821136475,,1.0498666666666668e-05,21.242103576660156,,,,,,,,,,
3580,1.432,0.4345545291900635,,1.0472e-05,12.980209350585938,,,,,,,,,,
3590,1.436,0.4385234832763672,,1.0445333333333333e-05,57.71747970581055,,,,,,,,,,
3600,1.44,0.5375037670135498,,1.0418666666666667e-05,26.711355209350586,,,,,,,,,,
3600,1.44,,0.49233394861221313,,,0.49233394861221313,0.28673920035362244,26.0874,383.327,23.958,,,,,
3610,1.444,0.2754312515258789,,1.0392e-05,3.7652981281280518,,,,,,,,,,
3620,1.448,0.5490766048431397,,1.0365333333333334e-05,56.81313705444336,,,,,,,,,,
3630,1.452,0.3310642957687378,,1.0338666666666668e-05,2.5734975337982178,,,,,,,,,,
3640,1.456,0.3447812795639038,,1.0312e-05,24.459388732910156,,,,,,,,,,
3650,1.46,0.35905344486236573,,1.0285333333333333e-05,18.977590560913086,,,,,,,,,,
3660,1.464,0.19076286554336547,,1.0258666666666667e-05,24.447965621948242,,,,,,,,,,
3670,1.468,0.34674227237701416,,1.0232000000000001e-05,8.803669929504395,,,,,,,,,,
3680,1.472,0.19871737957000732,,1.0205333333333334e-05,1.5855060815811157,,,,,,,,,,
3690,1.476,0.6833471298217774,,1.0178666666666668e-05,19.616968154907227,,,,,,,,,,
3700,1.48,0.30043206214904783,,1.0152000000000002e-05,12.840218544006348,,,,,,,,,,
3700,1.48,,0.4395289421081543,,,0.4395289123058319,0.239141047000885,26.0707,383.573,23.973,,,,,
3710,1.484,0.4773742198944092,,1.0125333333333333e-05,10.408592224121094,,,,,,,,,,
3720,1.488,0.31911287307739256,,1.0098666666666667e-05,8.06701374053955,,,,,,,,,,
3730,1.492,0.44570150375366213,,1.0072000000000001e-05,4.017838954925537,,,,,,,,,,
3740,1.496,0.40720195770263673,,1.0045333333333334e-05,60.18497848510742,,,,,,,,,,
3750,1.5,0.5429125785827636,,1.0018666666666668e-05,85.52951049804688,,,,,,,,,,
3760,1.504,0.5514645576477051,,9.992e-06,69.36785125732422,,,,,,,,,,
3770,1.508,0.6071904182434082,,9.965333333333334e-06,9.560474395751953,,,,,,,,,,
3780,1.512,0.44127254486083983,,9.938666666666667e-06,45.115909576416016,,,,,,,,,,
3790,1.516,0.2908721923828125,,9.912000000000001e-06,14.146093368530273,,,,,,,,,,
3800,1.52,0.4242534160614014,,9.885333333333335e-06,10.061295509338379,,,,,,,,,,
3800,1.52,,0.4597776234149933,,,0.4597776234149933,0.25692465901374817,26.0767,383.484,23.968,,,,,
3810,1.524,0.24889137744903564,,9.858666666666668e-06,29.63471221923828,,,,,,,,,,
3820,1.528,0.19316757917404176,,9.832e-06,7.238205432891846,,,,,,,,,,
3830,1.532,0.497054386138916,,9.805333333333334e-06,8.898395538330078,,,,,,,,,,
3840,1.536,0.4239600658416748,,9.778666666666667e-06,27.086593627929688,,,,,,,,,,
3850,1.54,0.19407193660736083,,9.752e-06,123.21405029296875,,,,,,,,,,
3860,1.544,0.5681263923645019,,9.725333333333335e-06,147.4288330078125,,,,,,,,,,
3870,1.548,0.35941715240478517,,9.698666666666667e-06,6.447291374206543,,,,,,,,,,
3880,1.552,0.46741585731506347,,9.672e-06,1.7808187007904053,,,,,,,,,,
3890,1.556,0.3921119928359985,,9.645333333333334e-06,4.654741287231445,,,,,,,,,,
3900,1.56,0.15639288425445558,,9.618666666666667e-06,4.338318824768066,,,,,,,,,,
3900,1.56,,0.49684634804725647,,,0.49684634804725647,0.2783360481262207,25.887,386.295,24.143,,,,,
3910,1.564,0.4017928600311279,,9.592e-06,62.91014099121094,,,,,,,,,,
3920,1.568,0.4740315914154053,,9.565333333333335e-06,4.793450832366943,,,,,,,,,,
3930,1.572,0.47373270988464355,,9.538666666666667e-06,19.836864471435547,,,,,,,,,,
3940,1.576,0.3046643972396851,,9.512000000000001e-06,18.702234268188477,,,,,,,,,,
3950,1.58,0.22625935077667236,,9.485333333333334e-06,26.425617218017578,,,,,,,,,,
3960,1.584,0.33250267505645753,,9.458666666666666e-06,5.171613693237305,,,,,,,,,,
3970,1.588,0.18416305780410766,,9.432e-06,21.792606353759766,,,,,,,,,,
3980,1.592,0.31467404365539553,,9.405333333333335e-06,26.45526885986328,,,,,,,,,,
3990,1.596,0.2938976287841797,,9.378666666666667e-06,15.357965469360352,,,,,,,,,,
4000,1.6,0.45579843521118163,,9.352000000000001e-06,78.16532897949219,,,,,,,,,,
4000,1.6,,0.4564993679523468,,,0.4564994275569916,0.2879435122013092,26.104,383.083,23.943,,,,,
4010,1.604,0.26887362003326415,,9.325333333333334e-06,11.293745994567871,,,,,,,,,,
4020,1.608,0.18650826215744018,,9.298666666666666e-06,4.023809432983398,,,,,,,,,,
4030,1.612,0.36974923610687255,,9.272e-06,209.21051025390625,,,,,,,,,,
4040,1.616,0.4365080833435059,,9.245333333333334e-06,265.7432861328125,,,,,,,,,,
4050,1.62,0.29696431159973147,,9.218666666666667e-06,58.296932220458984,,,,,,,,,,
4060,1.624,0.39209918975830077,,9.192000000000001e-06,5.077311038970947,,,,,,,,,,
4070,1.6280000000000001,0.3351029634475708,,9.165333333333334e-06,3.9816017150878906,,,,,,,,,,
4080,1.6320000000000001,0.43947615623474123,,9.138666666666668e-06,10.387168884277344,,,,,,,,,,
4090,1.6360000000000001,0.4087247371673584,,9.112e-06,14.744468688964844,,,,,,,,,,
4100,1.6400000000000001,0.43291893005371096,,9.085333333333334e-06,5.16460657119751,,,,,,,,,,
4100,1.6400000000000001,,0.4735025465488434,,,0.4735025465488434,0.2931477129459381,26.1473,382.449,23.903,,,,,
4110,1.6440000000000001,0.6169950008392334,,9.058666666666668e-06,6.048598766326904,,,,,,,,,,
4120,1.6480000000000001,0.14882965087890626,,9.032000000000001e-06,1.6293113231658936,,,,,,,,,,
4130,1.6520000000000001,0.43851051330566404,,9.005333333333333e-06,107.10286712646484,,,,,,,,,,
4140,1.6560000000000001,0.44396438598632815,,8.978666666666668e-06,5.113718032836914,,,,,,,,,,
4150,1.6600000000000001,0.48749542236328125,,8.952e-06,184.47178649902344,,,,,,,,,,
4160,1.6640000000000001,0.30572357177734377,,8.925333333333334e-06,8.05509090423584,,,,,,,,,,
4170,1.6680000000000001,0.6000344276428222,,8.898666666666668e-06,1.0787402391433716,,,,,,,,,,
4180,1.6720000000000002,0.5042556762695313,,8.872e-06,87.27315521240234,,,,,,,,,,
4190,1.6760000000000002,0.2995914936065674,,8.845333333333333e-06,19.19161033630371,,,,,,,,,,
4200,1.6800000000000002,0.278760027885437,,8.818666666666667e-06,4.783166408538818,,,,,,,,,,
4200,1.6800000000000002,,0.4515073299407959,,,0.4515072703361511,0.27634552121162415,25.896,386.16,24.135,,,,,
4210,1.6840000000000002,0.28570923805236814,,8.792e-06,17.203725814819336,,,,,,,,,,
4220,1.688,0.3021702766418457,,8.765333333333334e-06,4.161022186279297,,,,,,,,,,
4230,1.692,0.2620856285095215,,8.738666666666668e-06,9.468092918395996,,,,,,,,,,
4240,1.696,0.3035465478897095,,8.712e-06,21.364702224731445,,,,,,,,,,
4250,1.7,0.19377000331878663,,8.685333333333335e-06,81.09934997558594,,,,,,,,,,
4260,1.704,0.41515307426452636,,8.658666666666667e-06,62.28348922729492,,,,,,,,,,
4270,1.708,0.20728721618652343,,8.632e-06,11.865164756774902,,,,,,,,,,
4280,1.712,0.4273672103881836,,8.605333333333334e-06,59.382015228271484,,,,,,,,,,
4290,1.716,0.16974377632141113,,8.578666666666668e-06,42.676387786865234,,,,,,,,,,
4300,1.72,0.282103157043457,,8.552e-06,5.60523796081543,,,,,,,,,,
4300,1.72,,0.5147752165794373,,,0.5147752165794373,0.31110015511512756,26.0628,383.689,23.981,,,,,
4310,1.724,0.5239756584167481,,8.525333333333335e-06,30.016557693481445,,,,,,,,,,
4320,1.728,0.30734755992889407,,8.498666666666667e-06,11.13527774810791,,,,,,,,,,
4330,1.732,0.3431406021118164,,8.472e-06,22.76361083984375,,,,,,,,,,
4340,1.736,0.7122806549072266,,8.445333333333334e-06,235.89993286132812,,,,,,,,,,
4350,1.74,0.5160451412200928,,8.418666666666668e-06,58.215858459472656,,,,,,,,,,
4360,1.744,0.3424204349517822,,8.392e-06,30.831270217895508,,,,,,,,,,
4370,1.748,0.4433938980102539,,8.365333333333334e-06,14.26767635345459,,,,,,,,,,
4380,1.752,0.2674404621124268,,8.338666666666667e-06,182.08480834960938,,,,,,,,,,
4390,1.756,0.17247483730316163,,8.312000000000001e-06,112.9215316772461,,,,,,,,,,
4400,1.76,0.28082153797149656,,8.285333333333334e-06,1.9552501440048218,,,,,,,,,,
4400,1.76,,0.44431886076927185,,,0.44431886076927185,0.24786683917045593,26.0534,383.827,23.989,,,,,
4410,1.764,0.2357264280319214,,8.258666666666668e-06,19.078493118286133,,,,,,,,,,
4420,1.768,0.4746840476989746,,8.232000000000002e-06,19.6108341217041,,,,,,,,,,
4430,1.772,0.4748180389404297,,8.205333333333334e-06,27.063133239746094,,,,,,,,,,
4440,1.776,0.3605529546737671,,8.178666666666667e-06,100.23234558105469,,,,,,,,,,
4450,1.78,0.18086769580841064,,8.152000000000001e-06,11.071422576904297,,,,,,,,,,
4460,1.784,0.599597692489624,,8.125333333333333e-06,34.394466400146484,,,,,,,,,,
4470,1.788,0.34618730545043946,,8.098666666666668e-06,4.141626358032227,,,,,,,,,,
4480,1.792,0.44430065155029297,,8.072000000000002e-06,7.288792610168457,,,,,,,,,,
4490,1.796,0.5963081359863281,,8.045333333333334e-06,39.15016555786133,,,,,,,,,,
4500,1.8,0.18308204412460327,,8.018666666666667e-06,7.157037258148193,,,,,,,,,,
4500,1.8,,0.43341758847236633,,,0.43341758847236633,0.2752758860588074,26.0667,383.632,23.977,,,,,
4510,1.804,0.25524518489837644,,7.992e-06,1.9986482858657837,,,,,,,,,,
4520,1.808,0.32898731231689454,,7.965333333333333e-06,1.4778724908828735,,,,,,,,,,
4530,1.812,0.4722261428833008,,7.941333333333335e-06,98.42034149169922,,,,,,,,,,
4540,1.8159999999999998,0.6558047294616699,,7.914666666666667e-06,113.88520812988281,,,,,,,,,,
4550,1.8199999999999998,0.4279139995574951,,7.888e-06,21.055906295776367,,,,,,,,,,
4560,1.8239999999999998,0.3298469543457031,,7.861333333333334e-06,18.820764541625977,,,,,,,,,,
4570,1.8279999999999998,0.21867170333862304,,7.834666666666666e-06,65.10295867919922,,,,,,,,,,
4580,1.8319999999999999,0.3851842164993286,,7.808e-06,46.64949035644531,,,,,,,,,,
4590,1.8359999999999999,0.2900161981582642,,7.781333333333335e-06,109.23983001708984,,,,,,,,,,
4600,1.8399999999999999,0.1413077712059021,,7.754666666666667e-06,5.191599369049072,,,,,,,,,,
4600,1.8399999999999999,,0.431797057390213,,,0.431797057390213,0.25243523716926575,25.9297,385.658,24.104,,,,,
4610,1.8439999999999999,0.4921398162841797,,7.728000000000001e-06,14.31068229675293,,,,,,,,,,
4620,1.8479999999999999,0.4888901710510254,,7.701333333333334e-06,34.85188293457031,,,,,,,,,,
4630,1.8519999999999999,0.14695819616317748,,7.674666666666666e-06,1.4588760137557983,,,,,,,,,,
4640,1.8559999999999999,0.3982174158096313,,7.648e-06,83.41063690185547,,,,,,,,,,
4650,1.8599999999999999,0.2734978199005127,,7.621333333333334e-06,0.6581318378448486,,,,,,,,,,
4660,1.8639999999999999,0.41593523025512696,,7.594666666666667e-06,2.8555335998535156,,,,,,,,,,
4670,1.8679999999999999,0.23291099071502686,,7.568000000000001e-06,1.3635300397872925,,,,,,,,,,
4680,1.8719999999999999,0.39005322456359864,,7.5413333333333335e-06,37.99443435668945,,,,,,,,,,
4690,1.876,0.4961583614349365,,7.514666666666667e-06,15.819439888000488,,,,,,,,,,
4700,1.88,0.3008665323257446,,7.488000000000001e-06,14.669695854187012,,,,,,,,,,
4700,1.88,,0.415129691362381,,,0.41512975096702576,0.23216281831264496,26.0116,384.444,24.028,,,,,
4710,1.884,0.4078839302062988,,7.4613333333333334e-06,31.381534576416016,,,,,,,,,,
4720,1.888,0.23406600952148438,,7.434666666666668e-06,10.278903007507324,,,,,,,,,,
4730,1.892,0.38662874698638916,,7.408000000000001e-06,139.04087829589844,,,,,,,,,,
4740,1.896,0.24272551536560058,,7.381333333333333e-06,10.189188003540039,,,,,,,,,,
4750,1.9,0.3249591588973999,,7.3546666666666675e-06,199.799560546875,,,,,,,,,,
4760,1.904,0.41580801010131835,,7.328000000000001e-06,4.133934497833252,,,,,,,,,,
4770,1.908,0.21503076553344727,,7.301333333333333e-06,37.853206634521484,,,,,,,,,,
4780,1.912,0.34696624279022215,,7.2746666666666674e-06,8.309497833251953,,,,,,,,,,
4790,1.916,0.35530173778533936,,7.248000000000001e-06,17.88723373413086,,,,,,,,,,
4800,1.92,0.3608004331588745,,7.221333333333333e-06,4.7339701652526855,,,,,,,,,,
4800,1.92,,0.446794331073761,,,0.446794331073761,0.29218050837516785,26.0714,383.563,23.973,,,,,
4810,1.924,0.23816225528717042,,7.194666666666667e-06,186.1228790283203,,,,,,,,,,
4820,1.928,0.3684676647186279,,7.168000000000001e-06,11.732416152954102,,,,,,,,,,
4830,1.932,0.323064923286438,,7.141333333333333e-06,5.9093852043151855,,,,,,,,,,
4840,1.936,0.3290300130844116,,7.114666666666667e-06,17.231843948364258,,,,,,,,,,
4850,1.94,0.4288662910461426,,7.088000000000001e-06,46.9349365234375,,,,,,,,,,
4860,1.944,0.21365132331848144,,7.061333333333333e-06,108.90559387207031,,,,,,,,,,
4870,1.948,0.37563138008117675,,7.034666666666667e-06,11.789210319519043,,,,,,,,,,
4880,1.952,0.10160701274871826,,7.0080000000000005e-06,8.381549835205078,,,,,,,,,,
4890,1.956,0.5884549140930175,,6.981333333333335e-06,24.620473861694336,,,,,,,,,,
4900,1.96,0.334783148765564,,6.954666666666667e-06,16.12275505065918,,,,,,,,,,
4900,1.96,,0.41633424162864685,,,0.41633424162864685,0.23034082353115082,25.9045,386.033,24.127,,,,,
4910,1.964,0.43877086639404295,,6.928e-06,154.6590576171875,,,,,,,,,,
4920,1.968,0.46634573936462403,,6.9013333333333346e-06,29.577312469482422,,,,,,,,,,
4930,1.972,0.19022095203399658,,6.874666666666667e-06,29.657894134521484,,,,,,,,,,
4940,1.976,0.2474203109741211,,6.848e-06,68.52798461914062,,,,,,,,,,
4950,1.98,0.08853581547737122,,6.8213333333333345e-06,7.80588960647583,,,,,,,,,,
4960,1.984,0.39773197174072267,,6.794666666666667e-06,123.71744537353516,,,,,,,,,,
4970,1.988,0.5017308235168457,,6.770666666666668e-06,6.435545921325684,,,,,,,,,,
4980,1.992,0.11549143791198731,,6.744e-06,3.0260841846466064,,,,,,,,,,
4990,1.996,0.39796907901763917,,6.7173333333333335e-06,39.47814178466797,,,,,,,,,,
5000,2.0,0.40243988037109374,,6.690666666666668e-06,4.733397483825684,,,,,,,,,,
5000,2.0,,0.40281644463539124,,,0.40281644463539124,0.22784921526908875,26.0041,384.554,24.035,,,,,
5010,2.004,0.17560131549835206,,6.664e-06,24.250516891479492,,,,,,,,,,
5020,2.008,0.2849860429763794,,6.637333333333333e-06,29.184982299804688,,,,,,,,,,
5030,2.012,0.07288364768028259,,6.6106666666666675e-06,3.585268974304199,,,,,,,,,,
5040,2.016,0.16674389839172363,,6.584e-06,151.05091857910156,,,,,,,,,,
5050,2.02,0.2727854251861572,,6.557333333333333e-06,46.24099349975586,,,,,,,,,,
5060,2.024,0.41878204345703124,,6.5306666666666674e-06,43.59317398071289,,,,,,,,,,
5070,2.028,0.2330789804458618,,6.504e-06,9.408072471618652,,,,,,,,,,
5080,2.032,0.18206958770751952,,6.477333333333334e-06,103.8902587890625,,,,,,,,,,
5090,2.036,0.08979712128639221,,6.450666666666667e-06,5.79780387878418,,,,,,,,,,
5100,2.04,0.15100772380828859,,6.424e-06,7.268703460693359,,,,,,,,,,
5100,2.04,,0.47002461552619934,,,0.47002464532852173,0.2447088360786438,26.1201,382.847,23.928,,,,,
5110,2.044,0.35983521938323976,,6.397333333333334e-06,1.681114912033081,,,,,,,,,,
5120,2.048,0.12978692054748536,,6.370666666666667e-06,0.683797299861908,,,,,,,,,,
5130,2.052,0.2734154939651489,,6.344e-06,33.15290832519531,,,,,,,,,,
5140,2.056,0.12205924987792968,,6.317333333333334e-06,4.490368843078613,,,,,,,,,,
5150,2.06,0.33041744232177733,,6.290666666666667e-06,9.480558395385742,,,,,,,,,,
5160,2.064,0.2518803834915161,,6.264e-06,11.599801063537598,,,,,,,,,,
5170,2.068,0.10390098094940185,,6.237333333333334e-06,20.11989402770996,,,,,,,,,,
5180,2.072,0.1599629044532776,,6.210666666666667e-06,4.038784027099609,,,,,,,,,,
5190,2.076,0.1783643364906311,,6.184e-06,5.4400739669799805,,,,,,,,,,
5200,2.08,0.1121015191078186,,6.157333333333334e-06,37.59019088745117,,,,,,,,,,
5200,2.08,,0.47384941577911377,,,0.47384941577911377,0.2589680254459381,26.0933,383.24,23.953,,,,,
5210,2.084,0.43018250465393065,,6.130666666666667e-06,7.908060550689697,,,,,,,,,,
5220,2.088,0.2638895034790039,,6.104000000000001e-06,13.68674087524414,,,,,,,,,,
5230,2.092,0.2810087203979492,,6.077333333333334e-06,31.04262351989746,,,,,,,,,,
5240,2.096,0.14930403232574463,,6.050666666666667e-06,11.236201286315918,,,,,,,,,,
5250,2.1,0.1530606985092163,,6.024000000000001e-06,1.16826593875885,,,,,,,,,,
5260,2.104,0.30224018096923827,,5.9973333333333336e-06,1.1086385250091553,,,,,,,,,,
5270,2.108,0.0854886531829834,,5.970666666666667e-06,70.1838150024414,,,,,,,,,,
5280,2.112,0.276265549659729,,5.944000000000001e-06,29.38005828857422,,,,,,,,,,
5290,2.116,0.23058574199676513,,5.9173333333333335e-06,20.67658805847168,,,,,,,,,,
5300,2.12,0.2522437334060669,,5.890666666666667e-06,14.83236026763916,,,,,,,,,,
5300,2.12,,0.4021926522254944,,,0.402192622423172,0.20827102661132812,26.0673,383.622,23.976,,,,,
5310,2.124,0.17307497262954713,,5.864000000000001e-06,2.8055531978607178,,,,,,,,,,
5320,2.128,0.21328721046447754,,5.837333333333333e-06,2.764246702194214,,,,,,,,,,
5330,2.132,0.17433515787124634,,5.810666666666667e-06,2.6182761192321777,,,,,,,,,,
5340,2.136,0.3256081104278564,,5.784000000000001e-06,1.324671745300293,,,,,,,,,,
5350,2.14,0.1527709484100342,,5.757333333333333e-06,13.193835258483887,,,,,,,,,,
5360,2.144,0.1805315613746643,,5.730666666666667e-06,23.532001495361328,,,,,,,,,,
5370,2.148,0.12586451768875123,,5.704000000000001e-06,198.03909301757812,,,,,,,,,,
5380,2.152,0.22413949966430663,,5.677333333333333e-06,38.4937629699707,,,,,,,,,,
5390,2.156,0.12278759479522705,,5.650666666666667e-06,7.574041366577148,,,,,,,,,,
5400,2.16,0.10090281963348388,,5.624000000000001e-06,51.75373840332031,,,,,,,,,,
5400,2.16,,0.3946842849254608,,,0.3946842849254608,0.21370288729667664,26.09,383.288,23.956,,,,,
5410,2.164,0.09172008633613586,,5.597333333333333e-06,2.298020362854004,,,,,,,,,,
5420,2.168,0.24445133209228515,,5.570666666666667e-06,55.29983901977539,,,,,,,,,,
5430,2.172,0.21617209911346436,,5.544000000000001e-06,18.342182159423828,,,,,,,,,,
5440,2.176,0.22545053958892822,,5.517333333333333e-06,179.7637939453125,,,,,,,,,,
5450,2.18,0.3441575050354004,,5.490666666666667e-06,16.19237518310547,,,,,,,,,,
5460,2.184,0.279218053817749,,5.4640000000000005e-06,13.033465385437012,,,,,,,,,,
5470,2.188,0.13788667917251587,,5.437333333333333e-06,4.280998706817627,,,,,,,,,,
5480,2.192,0.20114679336547853,,5.410666666666667e-06,4.09008264541626,,,,,,,,,,
5490,2.196,0.2172996997833252,,5.3840000000000005e-06,6.424712657928467,,,,,,,,,,
5500,2.2,0.28212499618530273,,5.357333333333333e-06,23.428510665893555,,,,,,,,,,
5500,2.2,,0.4090636670589447,,,0.4090636670589447,0.23308615386486053,26.1171,382.891,23.931,,,,,
5510,2.204,0.12818326950073242,,5.330666666666667e-06,17.40334701538086,,,,,,,,,,
5520,2.208,0.1938488006591797,,5.304e-06,5.493871212005615,,,,,,,,,,
5530,2.212,0.20984344482421874,,5.2773333333333345e-06,26.348302841186523,,,,,,,,,,
5540,2.216,0.2608664512634277,,5.250666666666667e-06,7.88848876953125,,,,,,,,,,
5550,2.22,0.22611398696899415,,5.224e-06,3.287026882171631,,,,,,,,,,
5560,2.224,0.1467900276184082,,5.1973333333333345e-06,0.9126273989677429,,,,,,,,,,
5570,2.228,0.08555479049682617,,5.170666666666667e-06,28.753141403198242,,,,,,,,,,
5580,2.232,0.17591235637664795,,5.144e-06,27.5517520904541,,,,,,,,,,
5590,2.2359999999999998,0.06829559206962585,,5.117333333333334e-06,6.5565385818481445,,,,,,,,,,
5600,2.24,0.19328967332839966,,5.090666666666667e-06,45.89141082763672,,,,,,,,,,
5600,2.24,,0.46721577644348145,,,0.46721571683883667,0.2830967903137207,26.0779,383.467,23.967,,,,,
5610,2.2439999999999998,0.0839707612991333,,5.064e-06,26.721467971801758,,,,,,,,,,
5620,2.248,0.3205474138259888,,5.037333333333334e-06,0.980855405330658,,,,,,,,,,
5630,2.252,0.18298327922821045,,5.010666666666667e-06,11.671525001525879,,,,,,,,,,
5640,2.2560000000000002,0.3188092947006226,,4.984000000000001e-06,81.39288330078125,,,,,,,,,,
5650,2.26,0.15649762153625488,,4.957333333333334e-06,1.5288031101226807,,,,,,,,,,
5660,2.2640000000000002,0.16416175365448,,4.930666666666667e-06,18.145360946655273,,,,,,,,,,
5670,2.268,0.2975804328918457,,4.904000000000001e-06,16.39725685119629,,,,,,,,,,
5680,2.2720000000000002,0.09275242686271667,,4.877333333333334e-06,2.29939866065979,,,,,,,,,,
5690,2.276,0.05018231868743896,,4.850666666666667e-06,4.423707485198975,,,,,,,,,,
5700,2.2800000000000002,0.28142848014831545,,4.824000000000001e-06,180.60487365722656,,,,,,,,,,
5700,2.2800000000000002,,0.40739578008651733,,,0.40739575028419495,0.23159556090831757,26.0986,383.163,23.948,,,,,
5710,2.284,0.14154043197631835,,4.797333333333334e-06,14.300031661987305,,,,,,,,,,
5720,2.288,0.19079509973526002,,4.770666666666667e-06,68.46551513671875,,,,,,,,,,
5730,2.292,0.2017223596572876,,4.744000000000001e-06,3.2937655448913574,,,,,,,,,,
5740,2.296,0.45566091537475584,,4.717333333333334e-06,80.42605590820312,,,,,,,,,,
5750,2.3,0.10848636627197265,,4.690666666666667e-06,10.465578079223633,,,,,,,,,,
5760,2.304,0.14497714042663573,,4.664000000000001e-06,4.1016926765441895,,,,,,,,,,
5770,2.308,0.27351105213165283,,4.637333333333334e-06,7.420209884643555,,,,,,,,,,
5780,2.312,0.2560990810394287,,4.610666666666667e-06,29.906810760498047,,,,,,,,,,
5790,2.316,0.26672978401184083,,4.5840000000000005e-06,7.391453266143799,,,,,,,,,,
5800,2.32,0.11293996572494507,,4.557333333333334e-06,13.288667678833008,,,,,,,,,,
5800,2.32,,0.4284045994281769,,,0.4284045994281769,0.23475566506385803,26.0595,383.737,23.984,,,,,
5810,2.324,0.19080302715301514,,4.530666666666667e-06,9.035771369934082,,,,,,,,,,
5820,2.328,0.18325926065444947,,4.504e-06,5.4675445556640625,,,,,,,,,,
5830,2.332,0.23593063354492189,,4.477333333333334e-06,1.2270909547805786,,,,,,,,,,
5840,2.336,0.3480761766433716,,4.450666666666667e-06,5.981273174285889,,,,,,,,,,
5850,2.34,0.09032502174377441,,4.424e-06,1.082197666168213,,,,,,,,,,
5860,2.344,0.16615691184997558,,4.397333333333334e-06,70.28543090820312,,,,,,,,,,
5870,2.348,0.3475553035736084,,4.370666666666667e-06,11.997843742370605,,,,,,,,,,
5880,2.352,0.3119746923446655,,4.344e-06,14.492716789245605,,,,,,,,,,
5890,2.356,0.4320638179779053,,4.3173333333333336e-06,17.41526222229004,,,,,,,,,,
5900,2.36,0.27048635482788086,,4.290666666666667e-06,231.58731079101562,,,,,,,,,,
5900,2.36,,0.40935635566711426,,,0.40935635566711426,0.2404147982597351,26.0884,383.312,23.957,,,,,
5910,2.364,0.145402193069458,,4.264e-06,7.009328365325928,,,,,,,,,,
5920,2.368,0.22101156711578368,,4.2373333333333335e-06,18.30715560913086,,,,,,,,,,
5930,2.372,0.2500179290771484,,4.210666666666667e-06,1.1738781929016113,,,,,,,,,,
5940,2.376,0.41677165031433105,,4.184e-06,49.22050094604492,,,,,,,,,,
5950,2.38,0.10136070251464843,,4.157333333333333e-06,59.31448745727539,,,,,,,,,,
5960,2.384,0.4022831439971924,,4.1306666666666675e-06,5.984398365020752,,,,,,,,,,
5970,2.388,0.2848188877105713,,4.104e-06,2.271230936050415,,,,,,,,,,
5980,2.392,0.17766921520233153,,4.077333333333333e-06,4.120748996734619,,,,,,,,,,
5990,2.396,0.14680323600769044,,4.0506666666666675e-06,1.9377267360687256,,,,,,,,,,
6000,2.4,0.08426125049591064,,4.024e-06,13.551252365112305,,,,,,,,,,
6000,2.4,,0.40963974595069885,,,0.4096396863460541,0.25097861886024475,26.1047,383.073,23.942,,,,,
6010,2.404,0.4471461296081543,,3.997333333333333e-06,96.77732849121094,,,,,,,,,,
6020,2.408,0.21437525749206543,,3.970666666666667e-06,45.02482604980469,,,,,,,,,,
6030,2.412,0.162938129901886,,3.944e-06,13.371397018432617,,,,,,,,,,
6040,2.416,0.3307751178741455,,3.917333333333333e-06,1.0008938312530518,,,,,,,,,,
6050,2.42,0.23069148063659667,,3.890666666666667e-06,0.7164346575737,,,,,,,,,,
6060,2.424,0.22575066089630128,,3.864000000000001e-06,5.911332607269287,,,,,,,,,,
6070,2.428,0.15541549921035766,,3.837333333333333e-06,1.074102759361267,,,,,,,,,,
6080,2.432,0.20454375743865966,,3.810666666666667e-06,2.6539461612701416,,,,,,,,,,
6090,2.436,0.328398609161377,,3.7840000000000005e-06,3.234640598297119,,,,,,,,,,
6100,2.44,0.174064564704895,,3.7573333333333334e-06,12.628186225891113,,,,,,,,,,
6100,2.44,,0.4130915105342865,,,0.4130915403366089,0.2415802776813507,26.1221,382.818,23.926,,,,,
6110,2.444,0.20445282459259034,,3.7306666666666667e-06,0.9409880638122559,,,,,,,,,,
6120,2.448,0.28522984981536864,,3.7040000000000005e-06,30.099105834960938,,,,,,,,,,
6130,2.452,0.30938210487365725,,3.6773333333333338e-06,23.832443237304688,,,,,,,,,,
6140,2.456,0.09325754642486572,,3.6506666666666666e-06,49.51309585571289,,,,,,,,,,
6150,2.46,0.10929075479507447,,3.6240000000000004e-06,2.6376285552978516,,,,,,,,,,
6160,2.464,0.14044511318206787,,3.5973333333333337e-06,0.39876383543014526,,,,,,,,,,
6170,2.468,0.24786489009857177,,3.5706666666666666e-06,0.5460116267204285,,,,,,,,,,
6180,2.472,0.38463261127471926,,3.5440000000000003e-06,12.943181991577148,,,,,,,,,,
6190,2.476,0.03198642134666443,,3.5173333333333336e-06,0.7092859745025635,,,,,,,,,,
6200,2.48,0.1576578736305237,,3.4906666666666673e-06,6.6373419761657715,,,,,,,,,,
6200,2.48,,0.41656678915023804,,,0.41656678915023804,0.23219624161720276,26.0945,383.223,23.951,,,,,
6210,2.484,0.17167537212371825,,3.464e-06,1.2630695104599,,,,,,,,,,
6220,2.488,0.22607693672180176,,3.4373333333333335e-06,2.963669776916504,,,,,,,,,,
6230,2.492,0.2893651485443115,,3.4106666666666672e-06,2.4180874824523926,,,,,,,,,,
6240,2.496,0.15268720388412477,,3.384e-06,23.38962745666504,,,,,,,,,,
6250,2.5,0.12227312326431275,,3.3573333333333334e-06,2.2474639415740967,,,,,,,,,,
6260,2.504,0.26435012817382814,,3.330666666666667e-06,50.23136520385742,,,,,,,,,,
6270,2.508,0.19359128475189208,,3.3040000000000005e-06,3.957925796508789,,,,,,,,,,
6280,2.512,0.21444032192230225,,3.2773333333333334e-06,3.5612270832061768,,,,,,,,,,
6290,2.516,0.061552023887634276,,3.250666666666667e-06,1.6280698776245117,,,,,,,,,,
6300,2.52,0.1606057643890381,,3.2240000000000004e-06,9.344830513000488,,,,,,,,,,
6300,2.52,,0.4544666111469269,,,0.45446664094924927,0.25805115699768066,26.2518,380.926,23.808,,,,,
6310,2.524,0.21485824584960939,,3.1973333333333333e-06,0.9309901595115662,,,,,,,,,,
6320,2.528,0.2958910226821899,,3.170666666666667e-06,9.33383560180664,,,,,,,,,,
6330,2.532,0.31545469760894773,,3.1440000000000003e-06,2.476640462875366,,,,,,,,,,
6340,2.536,0.20969874858856202,,3.117333333333333e-06,3.8568806648254395,,,,,,,,,,
6350,2.54,0.3046766757965088,,3.090666666666667e-06,29.659679412841797,,,,,,,,,,
6360,2.544,0.2084826946258545,,3.0640000000000002e-06,14.001860618591309,,,,,,,,,,
6370,2.548,0.2553595304489136,,3.037333333333334e-06,22.562576293945312,,,,,,,,,,
6380,2.552,0.07289857864379883,,3.010666666666667e-06,19.576862335205078,,,,,,,,,,
6390,2.556,0.2927804470062256,,2.984e-06,0.9604519605636597,,,,,,,,,,
6400,2.56,0.2520593643188477,,2.957333333333334e-06,13.138545989990234,,,,,,,,,,
6400,2.56,,0.4141187369823456,,,0.4141187369823456,0.22400104999542236,26.0721,383.551,23.972,,,,,
6410,2.564,0.19847756624221802,,2.9306666666666668e-06,1.491930365562439,,,,,,,,,,
6420,2.568,0.04346190392971039,,2.904e-06,3.033918619155884,,,,,,,,,,
6430,2.572,0.17393573522567748,,2.877333333333334e-06,7.332873344421387,,,,,,,,,,
6440,2.576,0.12365489006042481,,2.850666666666667e-06,61.76465606689453,,,,,,,,,,
6450,2.58,0.3511208534240723,,2.824e-06,40.21562957763672,,,,,,,,,,
6460,2.584,0.09518486261367798,,2.7973333333333337e-06,61.33970260620117,,,,,,,,,,
6470,2.588,0.07881620526313782,,2.770666666666667e-06,4.010425090789795,,,,,,,,,,
6480,2.592,0.29968488216400146,,2.744e-06,57.66831970214844,,,,,,,,,,
6490,2.596,0.17650766372680665,,2.7173333333333336e-06,2.816047191619873,,,,,,,,,,
6500,2.6,0.4830142974853516,,2.690666666666667e-06,2.870781898498535,,,,,,,,,,
6500,2.6,,0.41576895117759705,,,0.41576895117759705,0.21314826607704163,26.0773,383.475,23.967,,,,,
6510,2.604,0.12192411422729492,,2.6640000000000007e-06,14.007357597351074,,,,,,,,,,
6520,2.608,0.16091151237487794,,2.6373333333333335e-06,19.424299240112305,,,,,,,,,,
6530,2.612,0.14139728546142577,,2.610666666666667e-06,1.8982517719268799,,,,,,,,,,
6540,2.616,0.12279138565063477,,2.5840000000000006e-06,19.081924438476562,,,,,,,,,,
6550,2.62,0.2045619010925293,,2.5573333333333335e-06,1.1786733865737915,,,,,,,,,,
6560,2.624,0.14407564401626588,,2.5306666666666668e-06,24.713197708129883,,,,,,,,,,
6570,2.628,0.08055581450462342,,2.5040000000000005e-06,0.5898143649101257,,,,,,,,,,
6580,2.632,0.15425591468811034,,2.4773333333333334e-06,27.939573287963867,,,,,,,,,,
6590,2.636,0.23716843128204346,,2.4506666666666667e-06,3.739675521850586,,,,,,,,,,
6600,2.64,0.15849857330322265,,2.4240000000000004e-06,25.578824996948242,,,,,,,,,,
6600,2.64,,0.4399808645248413,,,0.4399808645248413,0.2431062012910843,26.0658,383.644,23.978,,,,,
6610,2.644,0.45077667236328123,,2.3973333333333333e-06,83.65340423583984,,,,,,,,,,
6620,2.648,0.23324410915374755,,2.370666666666667e-06,12.703587532043457,,,,,,,,,,
6630,2.652,0.3368863344192505,,2.3440000000000003e-06,8.008502960205078,,,,,,,,,,
6640,2.656,0.25218653678894043,,2.3173333333333336e-06,14.916029930114746,,,,,,,,,,
6650,2.66,0.14445843696594238,,2.290666666666667e-06,1.4374223947525024,,,,,,,,,,
6660,2.664,0.08412939906120301,,2.2640000000000003e-06,19.36975860595703,,,,,,,,,,
6670,2.668,0.23815577030181884,,2.2373333333333336e-06,5.6160101890563965,,,,,,,,,,
6680,2.672,0.10376538038253784,,2.210666666666667e-06,10.318963050842285,,,,,,,,,,
6690,2.676,0.3809080123901367,,2.184e-06,47.2060546875,,,,,,,,,,
6700,2.68,0.0705277979373932,,2.1573333333333335e-06,0.834192156791687,,,,,,,,,,
6700,2.68,,0.4274298846721649,,,0.4274298846721649,0.23162049055099487,26.0651,383.655,23.978,,,,,
6710,2.684,0.05965378284454346,,2.130666666666667e-06,3.748354911804199,,,,,,,,,,
6720,2.6879999999999997,0.09347884058952331,,2.104e-06,1.3662744760513306,,,,,,,,,,
6730,2.692,0.23169150352478027,,2.0773333333333334e-06,7.976974010467529,,,,,,,,,,
6740,2.6959999999999997,0.4010075569152832,,2.0506666666666667e-06,10.155290603637695,,,,,,,,,,
6750,2.7,0.1852239489555359,,2.024e-06,2.4154884815216064,,,,,,,,,,
6760,2.7039999999999997,0.14854104518890382,,1.9973333333333337e-06,156.93487548828125,,,,,,,,,,
6770,2.708,0.14395577907562257,,1.9706666666666666e-06,7.320457935333252,,,,,,,,,,
6780,2.7119999999999997,0.30281963348388674,,1.944e-06,1.366500973701477,,,,,,,,,,
6790,2.716,0.23576686382293702,,1.9173333333333337e-06,5.372946262359619,,,,,,,,,,
6800,2.7199999999999998,0.21917378902435303,,1.8906666666666668e-06,61.929718017578125,,,,,,,,,,
6800,2.7199999999999998,,0.4164438843727112,,,0.4164438843727112,0.2326711118221283,26.0945,383.222,23.951,,,,,
6810,2.724,0.08701204061508179,,1.8640000000000003e-06,17.162065505981445,,,,,,,,,,
6820,2.7279999999999998,0.3330220222473145,,1.8373333333333334e-06,97.88845825195312,,,,,,,,,,
6830,2.732,0.2753350257873535,,1.8106666666666667e-06,1.2701401710510254,,,,,,,,,,
6840,2.7359999999999998,0.0933460533618927,,1.7840000000000002e-06,9.222376823425293,,,,,,,,,,
6850,2.74,0.07390452623367309,,1.7573333333333333e-06,30.211462020874023,,,,,,,,,,
6860,2.7439999999999998,0.22331314086914061,,1.7306666666666668e-06,3.5649731159210205,,,,,,,,,,
6870,2.748,0.1805890440940857,,1.7040000000000001e-06,0.8398265242576599,,,,,,,,,,
6880,2.752,0.36106133460998535,,1.6773333333333336e-06,1.2389156818389893,,,,,,,,,,
6890,2.7560000000000002,0.08009570837020874,,1.6506666666666667e-06,30.328493118286133,,,,,,,,,,
6900,2.76,0.09994699358940125,,1.624e-06,6.300008773803711,,,,,,,,,,
6900,2.76,,0.4295068383216858,,,0.42950689792633057,0.2390182614326477,26.0331,384.126,24.008,,,,,
6910,2.7640000000000002,0.18688540458679198,,1.5973333333333336e-06,2.477248191833496,,,,,,,,,,
6920,2.768,0.10684888362884522,,1.5706666666666666e-06,1.21501624584198,,,,,,,,,,
6930,2.7720000000000002,0.11499112844467163,,1.5440000000000002e-06,0.7544295191764832,,,,,,,,,,
6940,2.776,0.22021315097808838,,1.5173333333333335e-06,11.661203384399414,,,,,,,,,,
6950,2.7800000000000002,0.3693256378173828,,1.4906666666666666e-06,14.955039024353027,,,,,,,,,,
6960,2.784,0.2636124134063721,,1.464e-06,7.701610565185547,,,,,,,,,,
6970,2.7880000000000003,0.27403531074523924,,1.4373333333333334e-06,4.302669525146484,,,,,,,,,,
6980,2.792,0.15100855827331544,,1.410666666666667e-06,14.004920959472656,,,,,,,,,,
6990,2.7960000000000003,0.1325356125831604,,1.384e-06,29.74776840209961,,,,,,,,,,
7000,2.8,0.38594698905944824,,1.3573333333333335e-06,4.043509483337402,,,,,,,,,,
7000,2.8,,0.4130372107028961,,,0.4130372107028961,0.2312057614326477,26.0872,383.329,23.958,,,,,
7010,2.8040000000000003,0.4617574691772461,,1.3306666666666668e-06,12.786373138427734,,,,,,,,,,
7020,2.808,0.24836816787719726,,1.304e-06,17.83550262451172,,,,,,,,,,
7030,2.8120000000000003,0.15963370800018312,,1.2773333333333334e-06,0.7959180474281311,,,,,,,,,,
7040,2.816,0.04835631251335144,,1.2506666666666667e-06,1.740265965461731,,,,,,,,,,
7050,2.82,0.1758752703666687,,1.224e-06,0.9037816524505615,,,,,,,,,,
7060,2.824,0.1694492816925049,,1.2000000000000002e-06,0.6721720099449158,,,,,,,,,,
7070,2.828,0.07877233624458313,,1.1733333333333335e-06,1.695852279663086,,,,,,,,,,
7080,2.832,0.09203331470489502,,1.1466666666666668e-06,2.61957049369812,,,,,,,,,,
7090,2.836,0.05661787986755371,,1.12e-06,0.57616126537323,,,,,,,,,,
7100,2.84,0.2319307804107666,,1.0933333333333334e-06,23.7611026763916,,,,,,,,,,
7100,2.84,,0.42282813787460327,,,0.42282813787460327,0.2346237748861313,26.1365,382.607,23.913,,,,,
7110,2.844,0.3927849054336548,,1.066666666666667e-06,20.051959991455078,,,,,,,,,,
7120,2.848,0.13886499404907227,,1.04e-06,57.41815948486328,,,,,,,,,,
7130,2.852,0.11428356170654297,,1.0133333333333333e-06,1.4003885984420776,,,,,,,,,,
7140,2.856,0.4160449504852295,,9.866666666666668e-07,58.49415969848633,,,,,,,,,,
7150,2.86,0.10702242851257324,,9.600000000000001e-07,8.365750312805176,,,,,,,,,,
7160,2.864,0.2215507984161377,,9.333333333333334e-07,18.88422966003418,,,,,,,,,,
7170,2.868,0.25251064300537107,,9.066666666666668e-07,20.465307235717773,,,,,,,,,,
7180,2.872,0.18329324722290039,,8.8e-07,8.389883041381836,,,,,,,,,,
7190,2.876,0.14247066974639894,,8.533333333333334e-07,13.345864295959473,,,,,,,,,,
7200,2.88,0.2317300796508789,,8.266666666666668e-07,1.0074464082717896,,,,,,,,,,
7200,2.88,,0.401337593793869,,,0.40133753418922424,0.22007927298545837,26.0839,383.379,23.961,,,,,
7210,2.884,0.1740071415901184,,8.000000000000001e-07,9.60490894317627,,,,,,,,,,
7220,2.888,0.266251540184021,,7.733333333333335e-07,110.16740417480469,,,,,,,,,,
7230,2.892,0.07123500108718872,,7.466666666666668e-07,119.27601623535156,,,,,,,,,,
7240,2.896,0.09211552739143372,,7.2e-07,23.16118049621582,,,,,,,,,,
7250,2.9,0.3089174509048462,,6.933333333333334e-07,8.48814868927002,,,,,,,,,,
7260,2.904,0.1803309440612793,,6.666666666666667e-07,11.47741985321045,,,,,,,,,,
7270,2.908,0.29190170764923096,,6.4e-07,8.163763046264648,,,,,,,,,,
7280,2.912,0.2334798812866211,,6.133333333333333e-07,103.25205993652344,,,,,,,,,,
7290,2.916,0.12390940189361573,,5.866666666666667e-07,1.9305099248886108,,,,,,,,,,
7300,2.92,0.10972409248352051,,5.6e-07,2.2467238903045654,,,,,,,,,,
7300,2.92,,0.40129566192626953,,,0.4012956917285919,0.22185204923152924,26.0601,383.728,23.983,,,,,
7310,2.924,0.2685967206954956,,5.333333333333335e-07,52.46419143676758,,,,,,,,,,
7320,2.928,0.24839625358581544,,5.066666666666667e-07,61.289398193359375,,,,,,,,,,
7330,2.932,0.2876413822174072,,4.800000000000001e-07,3.9786417484283447,,,,,,,,,,
7340,2.936,0.13619686365127565,,4.533333333333334e-07,8.71540641784668,,,,,,,,,,
7350,2.94,0.13528089523315429,,4.266666666666667e-07,114.45829772949219,,,,,,,,,,
7360,2.944,0.2904987335205078,,4.0000000000000003e-07,114.44682312011719,,,,,,,,,,
7370,2.948,0.350262975692749,,3.733333333333334e-07,143.25729370117188,,,,,,,,,,
7380,2.952,0.09495743513107299,,3.466666666666667e-07,2.7496237754821777,,,,,,,,,,
7390,2.956,0.17301176786422728,,3.2e-07,1.9183788299560547,,,,,,,,,,
7400,2.96,0.32450892925262453,,2.9333333333333337e-07,6.037044525146484,,,,,,,,,,
7400,2.96,,0.40615999698638916,,,0.40615999698638916,0.22876660525798798,26.0806,383.426,23.964,,,,,
7410,2.964,0.06411529779434204,,2.666666666666667e-07,7.798084259033203,,,,,,,,,,
7420,2.968,0.11847525835037231,,2.4000000000000003e-07,3.2116971015930176,,,,,,,,,,
7430,2.972,0.25277018547058105,,2.1333333333333334e-07,5.427246570587158,,,,,,,,,,
7440,2.976,0.07481968998908997,,1.866666666666667e-07,0.5562754273414612,,,,,,,,,,
7450,2.98,0.29440865516662595,,1.6e-07,15.555461883544922,,,,,,,,,,
7460,2.984,0.12435568571090698,,1.3333333333333336e-07,3.5071089267730713,,,,,,,,,,
7470,2.988,0.0821978747844696,,1.0666666666666667e-07,1.618839144706726,,,,,,,,,,
7480,2.992,0.06669313907623291,,8e-08,1.0028483867645264,,,,,,,,,,
7490,2.996,0.40502543449401857,,5.3333333333333334e-08,1.74488365650177,,,,,,,,,,
7500,3.0,0.21503400802612305,,2.6666666666666667e-08,6.049133777618408,,,,,,,,,,
7500,3.0,,0.41009071469306946,,,0.41009071469306946,0.2275380790233612,25.9888,384.781,24.049,,,,,
7500,3.0,,,,,,,,,,2857.0337,42.002,2.625,3.157304315904e+16,0.44343127181132636
